household_id,state,husband_age,husband_total_income,wife_age,wife_total_income
585,Oregon,29,6100,NA,NA
1855,Oregon,NA,NA,44,25000
3009,Washington,41,118000,NA,NA
3830,Washington,35,19000,NA,NA
4223,Washington,NA,NA,63,18700
4491,Washington,33,60060,NA,NA
5258,Oregon,68,14400,NA,NA
5418,Washington,NA,NA,73,6000
5428,Washington,38,60000,NA,NA
6286,Washington,53,77000,NA,NA
7867,Oregon,NA,NA,59,3400
7940,Washington,NA,NA,66,53000
8972,Washington,NA,NA,45,105000
11631,Oregon,NA,NA,72,13000
11817,Oregon,NA,NA,58,5200
12061,Oregon,NA,NA,61,0
12192,Washington,NA,NA,36,170
12560,Washington,NA,NA,60,24400
12602,Oregon,52,38000,NA,NA
13096,Oregon,65,67940,NA,NA
14206,Washington,67,21700,NA,NA
14737,Washington,36,74000,NA,NA
14797,Washington,58,13700,NA,NA
14965,Washington,NA,NA,47,10000
15873,Oregon,80,46700,NA,NA
15945,Oregon,49,56000,NA,NA
16100,Oregon,37,52000,NA,NA
16112,Oregon,NA,NA,52,3000
17235,Oregon,NA,NA,29,16100
17721,Washington,37,135000,NA,NA
18001,Washington,60,33900,NA,NA
18326,Oregon,NA,NA,48,18504
19543,Washington,NA,NA,61,0
19716,Washington,NA,NA,46,72000
20789,Oregon,NA,NA,44,94000
21153,Washington,73,7400,NA,NA
22205,Oregon,94,44700,NA,NA
23636,Oregon,81,1400,NA,NA
24480,Oregon,83,42000,NA,NA
25254,Oregon,NA,NA,37,47000
25663,Oregon,87,0,89,7400
25969,Washington,NA,NA,59,45000
26246,Washington,NA,NA,26,3500
27280,Oregon,NA,NA,36,70000
27328,Oregon,39,35000,NA,NA
28603,Washington,NA,NA,53,15000
29548,Washington,73,76900,NA,NA
30340,Washington,NA,NA,41,5200
32759,Oregon,34,22800,NA,NA
32963,Oregon,NA,NA,64,0
32996,Oregon,64,45000,NA,NA
33207,Washington,50,1100,NA,NA
33521,Washington,NA,NA,38,50000
37245,Washington,NA,NA,40,0
37532,Oregon,NA,NA,35,0
37650,Washington,59,45000,NA,NA
38710,Washington,NA,NA,63,42700
39302,Oregon,NA,NA,75,10100
39922,Oregon,63,60301,54,47800
39944,Oregon,68,33600,NA,NA
40153,Washington,NA,NA,38,26000
40359,Washington,NA,NA,31,58000
40594,Oregon,NA,NA,29,66000
41101,Washington,NA,NA,58,60020
41165,Washington,NA,NA,47,467000
41283,Oregon,51,51400,NA,NA
41501,Oregon,76,25300,NA,NA
41662,Washington,NA,NA,30,10000
42291,Oregon,28,29300,NA,NA
42503,Oregon,NA,NA,37,50010
44911,Washington,36,2600,NA,NA
45595,Washington,43,130200,NA,NA
46736,Washington,NA,NA,55,70000
47621,Washington,24,34000,NA,NA
48045,Oregon,43,100000,NA,NA
48571,Washington,NA,NA,52,27910
49274,Oregon,NA,NA,62,0
49783,Washington,NA,NA,68,15300
50009,Washington,NA,NA,26,0
50156,Washington,NA,NA,31,31200
51173,Oregon,58,30000,NA,NA
51186,Oregon,44,60000,NA,NA
51595,Oregon,60,0,NA,NA
52453,Oregon,NA,NA,85,14000
53847,Oregon,44,165000,NA,NA
55330,Oregon,NA,NA,82,8400
56443,Oregon,38,25000,36,1500
56516,Washington,NA,NA,28,0
57059,Washington,52,182000,NA,NA
57838,Washington,NA,NA,43,0
58432,Oregon,68,21000,NA,NA
58660,Washington,NA,NA,64,2000
59820,Oregon,80,33204,NA,NA
60009,Washington,NA,NA,62,60000
61472,Oregon,36,109000,NA,NA
61481,Oregon,NA,NA,60,15600
62871,Washington,74,64900,NA,NA
63021,Oregon,NA,NA,65,10900
64534,Washington,NA,NA,31,0
66545,Washington,NA,NA,48,48000
68671,Washington,NA,NA,47,42100
68782,Washington,NA,NA,68,134900
68947,Oregon,83,24500,NA,NA
68991,Oregon,NA,NA,51,45000
69440,Oregon,NA,NA,68,11290
69840,Washington,NA,NA,43,36000
70754,Washington,37,77000,NA,NA
74262,Oregon,31,15000,NA,NA
75890,Oregon,NA,NA,36,85000
75941,Washington,NA,NA,36,3800
80117,Oregon,NA,NA,31,0
81545,Washington,55,256300,NA,NA
82888,Washington,NA,NA,60,7800
83509,Oregon,NA,NA,67,22000
86496,Oregon,54,48000,NA,NA
86708,Oregon,27,66000,NA,NA
87759,Washington,NA,NA,59,21000
87895,Washington,NA,NA,37,83000
87998,Washington,59,50000,NA,NA
88609,Oregon,NA,NA,42,100
89460,Washington,79,16800,NA,NA
89889,Washington,62,179000,NA,NA
90858,Washington,29,60000,NA,NA
92272,Oregon,NA,NA,49,25000
92897,Oregon,NA,NA,36,0
94805,Washington,65,10900,NA,NA
95391,Washington,33,467000,NA,NA
98977,Oregon,53,78200,NA,NA
99040,Washington,63,137500,NA,NA
100133,Washington,31,383000,NA,NA
100954,Oregon,NA,NA,42,0
101245,Washington,NA,NA,52,8500
101683,Oregon,NA,NA,45,25000
101805,Washington,NA,NA,60,0
103030,Oregon,NA,NA,31,17000
104280,Oregon,NA,NA,63,15840
104798,Washington,NA,NA,43,0
105033,Oregon,NA,NA,43,50000
108810,Oregon,NA,NA,70,17900
111312,Washington,38,138000,36,0
112445,Washington,71,20000,NA,NA
113372,Washington,51,168000,NA,NA
113446,Washington,54,107000,NA,NA
115077,Oregon,27,30000,NA,NA
115551,Oregon,43,155900,NA,NA
115707,Oregon,51,20000,NA,NA
115932,Washington,NA,NA,29,60000
116072,Washington,34,29000,NA,NA
116663,Washington,71,20000,NA,NA
117210,Oregon,NA,NA,50,60000
118609,Oregon,30,21000,NA,NA
118694,Oregon,NA,NA,32,65000
121804,Washington,NA,NA,63,11200
121878,Washington,NA,NA,39,15200
123497,Washington,NA,NA,66,1500
124023,Oregon,NA,NA,47,40000
125069,Oregon,NA,NA,90,9700
125295,Oregon,73,66900,NA,NA
125551,Oregon,NA,NA,64,0
126703,Washington,NA,NA,28,0
129032,Washington,49,10700,NA,NA
131075,Washington,44,96400,NA,NA
131166,Oregon,63,24700,NA,NA
131673,Oregon,59,21600,NA,NA
131701,Oregon,NA,NA,47,7300
132075,Washington,75,30000,NA,NA
132736,Oregon,NA,NA,62,64800
133415,Oregon,46,43120,NA,NA
133416,Washington,NA,NA,56,41000
133798,Washington,NA,NA,50,63000
133811,Washington,67,47220,NA,NA
134875,Washington,NA,NA,45,120000
136288,Oregon,NA,NA,45,4000
137177,Washington,NA,NA,55,0
139238,Oregon,37,45000,NA,NA
139703,Washington,NA,NA,62,22800
141767,Washington,NA,NA,34,0
143003,Oregon,40,65000,NA,NA
144387,Washington,NA,NA,62,104000
144860,Oregon,44,85000,NA,NA
145000,Oregon,NA,NA,65,15000
146466,Oregon,NA,NA,32,23000
147813,Washington,NA,NA,37,204
148366,Washington,NA,NA,80,14400
148872,Washington,NA,NA,50,2400
149971,Oregon,NA,NA,87,13500
151563,Washington,68,4800,NA,NA
151901,Oregon,NA,NA,73,10400
153207,Oregon,60,20000,NA,NA
153553,Washington,NA,NA,63,13400
153699,Oregon,34,0,NA,NA
153709,Oregon,NA,NA,64,10200
154307,Washington,42,80000,NA,NA
154343,Washington,45,90000,40,16000
154388,Washington,NA,NA,39,0
154758,Oregon,NA,NA,36,60000
155982,Oregon,NA,NA,74,10100
156194,Washington,NA,NA,58,53000
158523,Washington,NA,NA,60,60000
158601,Washington,58,0,NA,NA
159121,Washington,41,121000,NA,NA
160838,Washington,55,80000,NA,NA
161081,Oregon,73,6100,NA,NA
163500,Washington,NA,NA,39,86000
164734,Oregon,30,15800,NA,NA
165545,Oregon,55,125000,NA,NA
165558,Washington,49,45000,NA,NA
165800,Washington,50,85000,NA,NA
167071,Oregon,68,11000,NA,NA
167824,Oregon,NA,NA,77,9900
169280,Washington,68,32000,NA,NA
170118,Washington,NA,NA,41,1
170620,Washington,NA,NA,57,42000
171529,Washington,NA,NA,37,2400
173607,Oregon,NA,NA,58,34200
174224,Oregon,64,65000,NA,NA
174250,Washington,NA,NA,64,145000
174282,Oregon,46,0,NA,NA
174613,Washington,NA,NA,41,46000
175366,Oregon,NA,NA,68,14400
175696,Oregon,44,29100,NA,NA
176052,Washington,56,50000,NA,NA
176221,Washington,40,22000,NA,NA
176488,Oregon,NA,NA,57,28100
177342,Oregon,NA,NA,83,17300
178127,Washington,67,85600,NA,NA
179009,Washington,NA,NA,44,90010
179230,Washington,61,85000,NA,NA
179329,Oregon,43,86600,NA,NA
179956,Washington,50,110000,NA,NA
180065,Washington,35,138700,NA,NA
180737,Washington,45,102000,NA,NA
180955,Washington,NA,NA,29,0
181340,Washington,67,29000,NA,NA
182467,Oregon,65,76100,NA,NA
183067,Washington,44,467000,NA,NA
183192,Washington,NA,NA,49,55000
184310,Washington,54,33000,NA,NA
185295,Washington,74,250200,NA,NA
185635,Washington,75,262600,NA,NA
187306,Washington,53,129000,NA,NA
187662,Oregon,NA,NA,39,0
188372,Oregon,NA,NA,58,15100
188430,Oregon,NA,NA,54,46000
188532,Oregon,NA,NA,33,38000
189589,Washington,NA,NA,54,52000
191045,Washington,51,240000,NA,NA
191276,Washington,NA,NA,74,11000
192811,Washington,NA,NA,53,3600
193267,Oregon,NA,NA,57,0
194801,Washington,NA,NA,71,14400
195096,Oregon,NA,NA,59,130500
195246,Washington,62,60000,NA,NA
195699,Oregon,47,92070,NA,NA
198468,Washington,NA,NA,62,110150
200071,Washington,NA,NA,50,127000
200870,Washington,83,49100,NA,NA
201427,Oregon,NA,NA,49,0
201909,Oregon,51,55000,NA,NA
202243,Washington,NA,NA,72,9900
204249,Oregon,NA,NA,67,17500
204326,Washington,NA,NA,40,13800
204515,Washington,NA,NA,58,98000
204953,Washington,NA,NA,30,0
205193,Washington,NA,NA,34,54000
205332,Oregon,NA,NA,40,70000
205502,Oregon,24,80000,NA,NA
205837,Washington,NA,NA,65,24200
206384,Washington,69,21700,NA,NA
207460,Washington,NA,NA,47,58000
207874,Washington,NA,NA,37,20300
209316,Oregon,71,62200,NA,NA
209594,Oregon,NA,NA,48,19600
210826,Oregon,59,34500,NA,NA
210960,Washington,NA,NA,65,42000
212502,Oregon,60,47540,NA,NA
212742,Washington,71,46400,NA,NA
213669,Oregon,64,156300,NA,NA
215914,Washington,NA,NA,58,76000
216519,Oregon,60,12000,NA,NA
216549,Oregon,60,16900,NA,NA
218867,Oregon,66,56400,NA,NA
220237,Oregon,69,9200,NA,NA
220318,Washington,NA,NA,52,0
220664,Oregon,NA,NA,38,20000
220711,Washington,NA,NA,60,100000
221681,Oregon,NA,NA,56,89000
223138,Washington,72,9300,NA,NA
224886,Oregon,75,36300,NA,NA
225197,Oregon,NA,NA,40,0
226498,Oregon,78,75400,NA,NA
227000,Washington,NA,NA,40,0
228522,Oregon,50,105000,NA,NA
229531,Oregon,NA,NA,78,5500
230685,Washington,NA,NA,33,24000
231390,Oregon,55,120000,NA,NA
231936,Oregon,NA,NA,81,9200
232799,Washington,58,467000,54,0
233312,Washington,94,40000,NA,NA
233867,Oregon,NA,NA,52,36000
235343,Washington,57,40000,NA,NA
236083,Washington,NA,NA,45,0
236149,Washington,62,244000,NA,NA
237159,Washington,NA,NA,28,35000
238121,Oregon,65,13000,69,19500
239622,Washington,NA,NA,28,9000
241532,Oregon,NA,NA,59,0
242319,Oregon,NA,NA,64,53040
242665,Oregon,79,41900,NA,NA
244264,Oregon,70,24800,NA,NA
244675,Washington,50,60000,NA,NA
246103,Oregon,NA,NA,82,33900
246863,Washington,49,50000,NA,NA
247998,Washington,NA,NA,66,32000
248175,Oregon,NA,NA,64,27000
249270,Oregon,NA,NA,52,10000
250937,Washington,27,39000,NA,NA
251542,Washington,NA,NA,57,32000
251825,Oregon,NA,NA,23,5000
251945,Oregon,35,0,NA,NA
252196,Oregon,31,41200,NA,NA
254124,Oregon,NA,NA,66,9000
254862,Washington,NA,NA,69,30600
256117,Washington,57,125060,NA,NA
257523,Washington,49,125000,NA,NA
257980,Washington,NA,NA,54,0
258137,Oregon,NA,NA,65,10200
259336,Washington,NA,NA,83,4500
260277,Oregon,NA,NA,48,60000
262044,Washington,72,11400,NA,NA
263763,Washington,63,50000,NA,NA
263769,Oregon,NA,NA,28,30000
264545,Oregon,NA,NA,35,30000
265475,Oregon,32,65000,NA,NA
266423,Washington,60,110000,NA,NA
266631,Oregon,29,76000,NA,NA
266810,Washington,75,24000,NA,NA
267170,Washington,53,20000,NA,NA
268238,Oregon,NA,NA,55,30000
268643,Oregon,38,406000,NA,NA
268670,Washington,NA,NA,29,0
269859,Washington,54,65000,NA,NA
269887,Washington,NA,NA,56,125000
270152,Oregon,NA,NA,61,61000
270873,Washington,NA,NA,31,35000
273224,Washington,NA,NA,58,26000
273348,Washington,53,120000,NA,NA
277789,Oregon,74,1500,NA,NA
277827,Washington,73,44400,NA,NA
277837,Oregon,70,32540,NA,NA
279056,Oregon,NA,NA,36,32000
279080,Washington,NA,NA,28,48200
279304,Washington,65,10050,NA,NA
281281,Washington,NA,NA,54,43000
281692,Washington,NA,NA,76,24000
282985,Oregon,NA,NA,73,15550
283332,Washington,59,101890,NA,NA
283831,Oregon,78,55800,NA,NA
284057,Oregon,65,81000,NA,NA
284213,Washington,73,120400,NA,NA
285867,Oregon,63,64000,NA,NA
285942,Washington,60,59000,NA,NA
286380,Washington,59,480000,NA,NA
286792,Oregon,NA,NA,55,30000
287088,Washington,63,76300,NA,NA
287954,Washington,70,4100,NA,NA
287980,Washington,NA,NA,53,160000
288080,Washington,NA,NA,37,65000
288540,Oregon,78,15000,NA,NA
289068,Oregon,NA,NA,71,12000
289636,Oregon,NA,NA,57,24000
290823,Oregon,47,1000,NA,NA
291887,Oregon,24,30000,NA,NA
292677,Washington,NA,NA,53,8400
295340,Oregon,NA,NA,65,61000
296377,Washington,67,103000,NA,NA
297503,Oregon,NA,NA,75,48000
297954,Oregon,60,70000,NA,NA
298371,Oregon,NA,NA,49,120000
298402,Oregon,NA,NA,47,93000
298480,Washington,69,49500,NA,NA
299083,Washington,57,35000,NA,NA
299373,Oregon,NA,NA,66,58400
300216,Oregon,35,44400,NA,NA
301330,Oregon,NA,NA,71,34300
302134,Oregon,54,100000,NA,NA
302536,Oregon,51,40000,NA,NA
303118,Washington,36,10030,NA,NA
305936,Oregon,62,32500,NA,NA
306091,Washington,NA,NA,56,32000
306507,Washington,NA,NA,67,27600
308496,Washington,71,60020,NA,NA
309448,Washington,71,71000,NA,NA
310172,Washington,NA,NA,30,0
310287,Oregon,NA,NA,29,19000
310353,Oregon,NA,NA,60,0
310535,Washington,73,79000,NA,NA
310728,Washington,71,18400,NA,NA
312713,Oregon,50,68000,NA,NA
313297,Washington,38,25000,NA,NA
313954,Oregon,88,19800,77,12000
316945,Washington,NA,NA,49,32000
317110,Washington,NA,NA,60,27500
317357,Oregon,86,13720,NA,NA
317836,Oregon,73,38401,NA,NA
319756,Oregon,34,7000,NA,NA
320395,Oregon,55,42000,NA,NA
320576,Oregon,53,24700,NA,NA
320732,Washington,50,45001,NA,NA
321349,Oregon,88,99800,NA,NA
321705,Oregon,72,60100,NA,NA
321871,Washington,NA,NA,25,20000
322089,Washington,NA,NA,36,30000
322899,Oregon,76,12000,69,16000
323802,Oregon,84,26700,NA,NA
323946,Oregon,45,48800,NA,NA
325783,Washington,NA,NA,77,16700
327202,Oregon,61,120000,NA,NA
327311,Oregon,NA,NA,60,28300
327777,Oregon,56,10000,NA,NA
329027,Washington,NA,NA,39,6900
331541,Washington,NA,NA,51,134000
331806,Oregon,68,43500,NA,NA
331936,Washington,NA,NA,67,24000
332007,Oregon,NA,NA,62,0
332624,Washington,NA,NA,62,0
332937,Washington,61,30000,NA,NA
334684,Oregon,31,57000,NA,NA
336138,Oregon,37,100000,NA,NA
337977,Oregon,47,83400,NA,NA
338803,Washington,59,100000,NA,NA
339142,Oregon,63,34500,NA,NA
340411,Washington,35,105000,NA,NA
340487,Oregon,NA,NA,54,59000
340989,Oregon,NA,NA,44,78000
341959,Washington,60,74040,NA,NA
342380,Washington,NA,NA,72,5900
343199,Oregon,52,26000,NA,NA
343617,Washington,NA,NA,44,100
344666,Washington,NA,NA,36,9300
345056,Oregon,52,95000,NA,NA
345584,Washington,NA,NA,68,25800
346043,Oregon,43,50000,NA,NA
346162,Oregon,NA,NA,47,15200
346744,Oregon,NA,NA,66,7400
347987,Washington,80,30600,NA,NA
348073,Oregon,44,406000,43,45000
349321,Oregon,NA,NA,70,75600
350042,Washington,38,23300,NA,NA
350645,Oregon,76,24400,NA,NA
352054,Oregon,NA,NA,59,31000
352477,Oregon,51,60570,NA,NA
352904,Oregon,NA,NA,31,4600
354382,Oregon,63,661000,NA,NA
356741,Washington,NA,NA,46,3000
357146,Oregon,48,86000,NA,NA
360714,Oregon,69,42200,NA,NA
361066,Oregon,63,50000,NA,NA
363149,Washington,55,72000,NA,NA
363402,Oregon,NA,NA,61,19000
365231,Washington,NA,NA,32,50000
365242,Oregon,NA,NA,46,71400
365507,Oregon,NA,NA,65,6900
365563,Washington,58,38000,NA,NA
366632,Oregon,NA,NA,27,0
366933,Washington,61,91000,NA,NA
367082,Oregon,NA,NA,54,30500
367527,Oregon,NA,NA,65,12000
368663,Oregon,NA,NA,61,2500
368822,Washington,NA,NA,48,24500
368920,Washington,NA,NA,57,76000
369647,Oregon,60,0,NA,NA
372085,Oregon,NA,NA,71,25740
372586,Oregon,41,85000,NA,NA
372755,Oregon,NA,NA,59,4100
373496,Washington,40,200000,NA,NA
373938,Washington,75,59500,NA,NA
374670,Oregon,79,13200,NA,NA
375268,Washington,NA,NA,49,8800
375804,Washington,NA,NA,31,29000
376139,Washington,NA,NA,65,0
376919,Oregon,65,57800,NA,NA
377394,Oregon,47,30000,NA,NA
378371,Washington,53,56000,NA,NA
380130,Washington,24,57400,NA,NA
380559,Oregon,48,0,NA,NA
382169,Washington,NA,NA,45,39000
382462,Washington,NA,NA,55,90000
383692,Oregon,79,85700,NA,NA
384002,Oregon,NA,NA,47,30000
384352,Oregon,NA,NA,53,10000
384937,Washington,85,47000,NA,NA
385885,Oregon,55,70000,NA,NA
386871,Washington,NA,NA,23,20000
387250,Washington,57,75000,NA,NA
387603,Washington,NA,NA,24,3000
388557,Washington,NA,NA,44,21600
390200,Washington,NA,NA,29,18000
390351,Oregon,83,10700,NA,NA
390945,Washington,24,8000,NA,NA
391360,Washington,NA,NA,40,80000
392344,Washington,40,90000,NA,NA
395625,Oregon,35,180000,NA,NA
395743,Oregon,NA,NA,43,33700
395918,Oregon,47,12000,NA,NA
396948,Oregon,35,38500,NA,NA
397254,Washington,30,48000,NA,NA
397697,Washington,61,507000,NA,NA
398937,Washington,79,21600,NA,NA
399216,Oregon,60,60000,NA,NA
400066,Oregon,NA,NA,38,75000
401439,Oregon,73,12000,NA,NA
402080,Washington,43,78200,NA,NA
407433,Washington,NA,NA,39,100000
407655,Oregon,NA,NA,49,6000
407775,Washington,NA,NA,62,73000
407824,Washington,61,24000,NA,NA
409866,Oregon,NA,NA,62,21200
410765,Washington,54,55000,NA,NA
411567,Washington,NA,NA,68,93000
412092,Oregon,67,116100,NA,NA
412972,Oregon,42,40000,NA,NA
413836,Washington,31,30000,NA,NA
415382,Oregon,NA,NA,42,50000
415445,Washington,84,27800,NA,NA
417496,Oregon,NA,NA,38,80600
417705,Washington,56,40000,NA,NA
417766,Washington,NA,NA,74,7500
418149,Oregon,NA,NA,59,105000
419047,Washington,NA,NA,50,0
420478,Washington,44,145000,NA,NA
421630,Oregon,NA,NA,42,0
425907,Oregon,69,54300,NA,NA
425931,Washington,NA,NA,39,125000
426637,Oregon,33,68000,NA,NA
427163,Oregon,NA,NA,68,11700
427465,Washington,NA,NA,52,40000
428223,Washington,NA,NA,48,2600
429063,Oregon,57,120000,NA,NA
429081,Oregon,NA,NA,37,39400
429800,Washington,NA,NA,51,134000
431330,Oregon,71,35550,NA,NA
432752,Oregon,NA,NA,53,0
432756,Oregon,NA,NA,51,29000
433617,Oregon,NA,NA,64,29200
433819,Washington,43,15000,NA,NA
437688,Washington,NA,NA,63,18700
437841,Oregon,NA,NA,83,6500
437933,Washington,NA,NA,72,3000
438369,Washington,65,13000,NA,NA
439875,Washington,23,34000,NA,NA
440218,Washington,60,180000,NA,NA
441290,Oregon,69,88000,NA,NA
441965,Washington,NA,NA,63,6000
442906,Washington,76,19200,NA,NA
443321,Oregon,63,55000,NA,NA
444288,Washington,NA,NA,74,1
444462,Washington,NA,NA,62,7800
445491,Oregon,47,40000,NA,NA
445754,Oregon,NA,NA,32,56000
447599,Washington,NA,NA,57,0
447990,Washington,45,125000,NA,NA
448307,Oregon,NA,NA,57,30200
448702,Washington,NA,NA,51,0
449599,Washington,30,31000,NA,NA
449984,Oregon,68,43700,NA,NA
450252,Oregon,NA,NA,58,40000
451550,Oregon,NA,NA,70,79300
452146,Oregon,NA,NA,44,58000
452343,Washington,NA,NA,51,0
453096,Washington,NA,NA,62,53600
453470,Oregon,69,1500,NA,NA
454462,Oregon,41,85500,NA,NA
454896,Oregon,69,87600,NA,NA
456257,Oregon,59,55000,55,37000
457131,Oregon,37,96000,NA,NA
457140,Oregon,40,43200,NA,NA
459320,Oregon,72,15200,NA,NA
459571,Washington,NA,NA,29,14100
460681,Washington,NA,NA,56,15900
460843,Oregon,42,10000,NA,NA
461275,Washington,NA,NA,60,35000
461740,Washington,NA,NA,55,98000
461772,Oregon,NA,NA,32,95000
461851,Washington,NA,NA,59,52000
461868,Washington,46,58000,NA,NA
462976,Oregon,NA,NA,45,110000
464169,Washington,48,48000,NA,NA
464494,Oregon,NA,NA,36,19000
465625,Washington,60,56000,NA,NA
466039,Oregon,NA,NA,50,5500
467557,Washington,NA,NA,38,89450
467578,Oregon,NA,NA,58,15400
468014,Washington,79,139500,NA,NA
469508,Oregon,NA,NA,56,70000
470264,Washington,NA,NA,65,7600
470859,Oregon,44,30000,NA,NA
471011,Washington,67,42210,NA,NA
471428,Oregon,NA,NA,43,60000
471895,Oregon,44,460000,NA,NA
474357,Oregon,76,46600,NA,NA
474466,Washington,NA,NA,34,0
475243,Washington,30,15100,NA,NA
475596,Washington,50,100000,40,30000
476077,Washington,NA,NA,28,0
477123,Oregon,28,11000,NA,NA
477250,Washington,30,105000,NA,NA
478079,Oregon,46,21500,NA,NA
478155,Oregon,69,60000,NA,NA
479720,Washington,NA,NA,55,130000
481019,Oregon,68,20000,NA,NA
481247,Oregon,NA,NA,41,30000
482013,Oregon,52,75000,NA,NA
483091,Washington,43,23000,NA,NA
483543,Oregon,70,76100,NA,NA
485437,Oregon,46,50000,NA,NA
485685,Oregon,70,18600,NA,NA
485933,Oregon,NA,NA,69,12000
487182,Washington,25,12000,NA,NA
487275,Washington,57,55000,NA,NA
487858,Washington,71,21800,NA,NA
488093,Oregon,NA,NA,51,84000
488220,Oregon,NA,NA,68,11100
488840,Oregon,53,120000,NA,NA
489060,Oregon,NA,NA,25,6000
489264,Washington,63,73000,NA,NA
490335,Oregon,NA,NA,52,17000
491087,Oregon,74,35400,NA,NA
491717,Washington,69,84700,NA,NA
492626,Oregon,62,44000,NA,NA
495525,Washington,NA,NA,38,0
495821,Washington,NA,NA,58,30000
496778,Washington,54,36200,NA,NA
496940,Oregon,37,101000,NA,NA
497627,Washington,54,15000,NA,NA
497752,Oregon,51,406000,NA,NA
498031,Washington,NA,NA,37,40780
498707,Oregon,86,61900,NA,NA
498744,Washington,NA,NA,65,58000
499035,Oregon,55,36000,54,43800
500204,Washington,NA,NA,35,28900
502514,Washington,40,120000,NA,NA
502565,Oregon,NA,NA,54,22000
503123,Washington,NA,NA,58,21000
504587,Oregon,64,84600,NA,NA
504855,Oregon,NA,NA,52,22950
504945,Washington,65,31200,NA,NA
506058,Oregon,68,10860,NA,NA
506504,Washington,NA,NA,46,467000
506855,Oregon,79,30400,NA,NA
507537,Washington,NA,NA,27,20000
508322,Oregon,39,66000,NA,NA
508330,Oregon,73,18700,NA,NA
508543,Oregon,NA,NA,71,10800
509134,Washington,61,99050,NA,NA
509204,Washington,NA,NA,49,91000
509745,Washington,50,102000,NA,NA
512999,Washington,35,15000,NA,NA
513972,Oregon,65,37200,73,21800
515068,Oregon,25,19100,NA,NA
515397,Washington,44,26000,NA,NA
517366,Oregon,NA,NA,59,0
517395,Washington,48,15000,NA,NA
517946,Oregon,NA,NA,65,49100
519781,Washington,58,60000,NA,NA
519923,Oregon,NA,NA,35,0
520809,Oregon,NA,NA,47,14000
522224,Washington,NA,NA,61,89000
522872,Washington,NA,NA,84,0
524105,Washington,40,13800,NA,NA
525246,Oregon,55,406030,NA,NA
526491,Washington,NA,NA,30,60030
527949,Washington,NA,NA,38,0
529162,Washington,46,40000,NA,NA
530798,Washington,38,32000,NA,NA
530811,Washington,NA,NA,45,117000
531673,Washington,NA,NA,33,9000
531865,Oregon,41,15000,NA,NA
534894,Oregon,27,41300,NA,NA
535956,Oregon,64,28800,NA,NA
536302,Oregon,74,66800,NA,NA
537062,Washington,76,55500,60,110000
537893,Oregon,41,60000,NA,NA
538333,Washington,44,65000,NA,NA
540964,Oregon,NA,NA,50,22000
540991,Oregon,NA,NA,58,0
542055,Oregon,72,37200,NA,NA
542100,Oregon,85,14400,NA,NA
544106,Washington,57,117600,NA,NA
544618,Oregon,NA,NA,35,0
545014,Oregon,65,70000,NA,NA
545908,Oregon,NA,NA,52,106000
546371,Washington,75,2700,NA,NA
547168,Oregon,47,36000,NA,NA
547428,Oregon,NA,NA,27,36000
548135,Oregon,NA,NA,31,6000
548758,Oregon,44,60000,NA,NA
548959,Washington,NA,NA,35,60000
549791,Washington,74,11000,NA,NA
550162,Oregon,NA,NA,33,85000
550847,Washington,57,31000,NA,NA
551064,Washington,77,37900,NA,NA
552058,Oregon,56,84000,NA,NA
553355,Oregon,NA,NA,58,130100
555062,Oregon,NA,NA,62,15750
555265,Washington,NA,NA,25,56000
555865,Washington,68,55800,NA,NA
556375,Washington,NA,NA,57,0
557602,Washington,27,58000,NA,NA
558505,Washington,72,79900,NA,NA
559554,Oregon,39,25000,NA,NA
559836,Washington,59,25700,NA,NA
561327,Oregon,NA,NA,56,24000
561426,Washington,NA,NA,56,0
561521,Oregon,67,13000,NA,NA
562030,Washington,35,40210,NA,NA
562611,Washington,41,90000,NA,NA
562666,Oregon,NA,NA,64,57001
564743,Washington,NA,NA,42,45000
564799,Washington,NA,NA,59,60000
565578,Washington,NA,NA,52,60000
565640,Oregon,37,32000,NA,NA
566425,Oregon,55,50000,NA,NA
566682,Oregon,59,7400,NA,NA
567458,Oregon,NA,NA,47,0
568532,Oregon,NA,NA,41,80
568819,Oregon,NA,NA,58,13400
570441,Oregon,NA,NA,40,0
570598,Oregon,39,49230,NA,NA
570716,Washington,68,21000,NA,NA
570754,Oregon,NA,NA,65,3900
571311,Washington,NA,NA,69,3200
573369,Oregon,NA,NA,67,88600
574115,Washington,NA,NA,55,28600
575288,Washington,25,50000,NA,NA
576642,Oregon,78,16200,NA,NA
577348,Washington,NA,NA,61,25000
577572,Washington,72,49200,NA,NA
578146,Washington,NA,NA,66,55000
578658,Oregon,36,50000,NA,NA
578992,Oregon,NA,NA,37,0
579180,Oregon,NA,NA,40,122400
581900,Washington,53,70,NA,NA
582111,Oregon,NA,NA,68,2600
583195,Washington,53,117400,NA,NA
583363,Washington,NA,NA,69,10000
583881,Washington,54,25000,NA,NA
584291,Oregon,NA,NA,33,87000
584327,Oregon,NA,NA,34,102000
585955,Oregon,NA,NA,75,30000
586259,Washington,79,30100,NA,NA
586852,Oregon,28,38500,NA,NA
588181,Oregon,57,119700,NA,NA
588847,Washington,NA,NA,32,52000
590978,Oregon,NA,NA,33,50000
591354,Oregon,NA,NA,56,4000
591567,Oregon,69,205000,NA,NA
591741,Washington,57,18400,NA,NA
592128,Oregon,44,50000,NA,NA
595435,Washington,NA,NA,53,118000
598281,Washington,NA,NA,79,10500
599444,Washington,45,45000,44,21000
599936,Washington,NA,NA,63,9900
602001,Washington,55,75000,NA,NA
602217,Oregon,NA,NA,66,48800
602662,Oregon,41,19000,NA,NA
603115,Washington,46,30500,NA,NA
603464,Oregon,NA,NA,72,63200
603634,Washington,63,132000,NA,NA
605273,Washington,NA,NA,88,9600
608074,Oregon,NA,NA,72,11300
608274,Oregon,NA,NA,40,5200
608397,Washington,39,60000,NA,NA
610869,Oregon,39,33600,NA,NA
611263,Oregon,NA,NA,36,18000
611380,Washington,66,96000,NA,NA
611820,Washington,37,34000,NA,NA
612069,Washington,47,65000,NA,NA
613162,Washington,NA,NA,37,3810
613778,Oregon,NA,NA,35,18000
613956,Oregon,NA,NA,39,15200
614271,Oregon,68,80400,NA,NA
614296,Oregon,66,141000,67,143000
614325,Oregon,NA,NA,60,5200
615385,Washington,69,141700,NA,NA
616812,Washington,NA,NA,60,2000
620045,Washington,NA,NA,60,18000
622087,Oregon,NA,NA,28,0
622924,Washington,62,52000,NA,NA
626574,Washington,30,39540,NA,NA
626661,Washington,51,106000,NA,NA
626960,Washington,47,78000,NA,NA
627789,Washington,59,63000,NA,NA
629055,Washington,NA,NA,45,89000
631047,Oregon,76,71000,NA,NA
631576,Washington,NA,NA,38,40000
631668,Oregon,NA,NA,42,2500
631859,Washington,63,87000,NA,NA
633123,Oregon,NA,NA,42,52000
633887,Washington,57,50000,NA,NA
636627,Washington,69,53800,NA,NA
636906,Oregon,51,54000,NA,NA
637686,Washington,NA,NA,52,0
637802,Washington,NA,NA,80,9100
637884,Oregon,NA,NA,27,14400
638516,Oregon,NA,NA,31,0
641613,Washington,NA,NA,39,12000
642265,Oregon,60,20000,NA,NA
644369,Washington,50,100000,NA,NA
644513,Oregon,NA,NA,58,11500
645251,Washington,NA,NA,49,67000
645351,Washington,69,43000,NA,NA
645866,Washington,NA,NA,62,30070
645937,Washington,61,64000,NA,NA
647100,Washington,NA,NA,66,33000
647827,Washington,60,53000,NA,NA
649319,Washington,NA,NA,40,60000
650675,Washington,NA,NA,54,25000
650713,Washington,69,39600,NA,NA
650973,Oregon,NA,NA,65,2600
651594,Washington,62,10000,NA,NA
651909,Oregon,38,6000,NA,NA
651984,Oregon,90,26700,NA,NA
652930,Oregon,56,95500,NA,NA
653837,Washington,NA,NA,31,35000
654916,Washington,NA,NA,72,7020
656104,Oregon,38,57000,NA,NA
656304,Oregon,54,73000,NA,NA
659228,Washington,NA,NA,59,300
659423,Washington,NA,NA,35,72000
659433,Washington,NA,NA,37,24200
659797,Washington,NA,NA,46,35000
660226,Washington,NA,NA,70,15400
660268,Oregon,NA,NA,57,45000
661646,Oregon,34,57010,NA,NA
663340,Oregon,46,89000,NA,NA
663968,Washington,69,48000,NA,NA
664115,Oregon,64,47000,NA,NA
664514,Oregon,NA,NA,64,2300
664830,Washington,37,75000,NA,NA
665199,Oregon,NA,NA,50,75000
665250,Oregon,42,120500,NA,NA
666466,Washington,NA,NA,63,52000
667168,Washington,NA,NA,37,30000
667220,Washington,NA,NA,68,16500
667355,Washington,NA,NA,63,22000
667841,Washington,NA,NA,54,67000
668004,Oregon,NA,NA,59,52000
668437,Oregon,38,61000,NA,NA
669049,Oregon,52,31200,NA,NA
669190,Oregon,77,53900,NA,NA
670902,Oregon,55,110500,53,31800
671008,Washington,NA,NA,63,12000
671441,Washington,NA,NA,76,30500
672791,Washington,NA,NA,43,90000
674291,Oregon,51,90000,NA,NA
674782,Oregon,NA,NA,36,0
674990,Washington,NA,NA,31,60000
675603,Oregon,NA,NA,37,76020
675836,Washington,42,175000,NA,NA
675905,Oregon,NA,NA,48,254000
676413,Washington,NA,NA,62,17400
678628,Washington,54,126000,NA,NA
678696,Oregon,NA,NA,68,87400
679189,Oregon,NA,NA,47,53000
679325,Washington,26,9000,NA,NA
680297,Oregon,NA,NA,75,11600
681417,Oregon,59,210000,NA,NA
681494,Oregon,52,406000,NA,NA
681785,Washington,37,120000,NA,NA
681826,Oregon,NA,NA,71,43000
682379,Washington,53,140500,NA,NA
682427,Oregon,65,19380,NA,NA
682614,Oregon,NA,NA,70,13000
682730,Washington,75,30900,NA,NA
682888,Oregon,NA,NA,33,130
683457,Washington,67,8100,NA,NA
684620,Washington,56,5500,NA,NA
685144,Washington,NA,NA,59,0
685174,Oregon,NA,NA,71,126000
685878,Washington,NA,NA,44,0
685982,Washington,79,59000,NA,NA
686654,Washington,46,32000,NA,NA
688820,Washington,NA,NA,48,13500
689445,Washington,NA,NA,52,27100
690673,Oregon,NA,NA,49,34700
691309,Washington,NA,NA,52,120000
696070,Washington,NA,NA,55,229000
697423,Washington,45,63000,NA,NA
697445,Washington,NA,NA,52,1200
699335,Oregon,NA,NA,29,0
699439,Oregon,NA,NA,32,0
699491,Washington,NA,NA,46,0
699599,Oregon,NA,NA,71,42600
701169,Oregon,63,165500,61,0
701245,Washington,NA,NA,55,72000
701262,Oregon,NA,NA,60,115000
701485,Oregon,40,31000,NA,NA
702500,Oregon,67,16800,NA,NA
702662,Washington,NA,NA,60,47000
707273,Oregon,NA,NA,77,28500
707736,Oregon,62,36800,NA,NA
707777,Washington,26,40000,NA,NA
709494,Washington,50,31000,NA,NA
709874,Washington,33,35000,NA,NA
710134,Oregon,NA,NA,32,25000
710516,Washington,NA,NA,74,7000
710967,Oregon,78,16600,NA,NA
711017,Oregon,NA,NA,27,32000
711028,Washington,52,58000,NA,NA
711068,Washington,40,34000,NA,NA
711082,Washington,42,108400,NA,NA
711139,Washington,NA,NA,71,14000
711197,Washington,NA,NA,61,22200
711268,Oregon,NA,NA,52,35000
711446,Oregon,NA,NA,67,41900
711951,Oregon,75,15000,NA,NA
711978,Oregon,NA,NA,44,50000
717832,Washington,85,25400,NA,NA
719501,Washington,51,20300,NA,NA
721596,Oregon,NA,NA,34,80000
721923,Washington,NA,NA,46,34000
722572,Washington,52,115030,NA,NA
723446,Oregon,NA,NA,43,9600
724281,Washington,33,85000,NA,NA
724632,Oregon,NA,NA,45,25000
726013,Washington,NA,NA,65,650
726292,Washington,NA,NA,21,18000
726921,Oregon,29,80000,NA,NA
727399,Oregon,NA,NA,61,90000
728897,Oregon,NA,NA,33,27800
730145,Oregon,37,51000,NA,NA
730522,Oregon,34,70000,NA,NA
730667,Oregon,NA,NA,41,38000
731987,Washington,NA,NA,72,21560
733477,Oregon,NA,NA,68,10500
734038,Washington,NA,NA,30,0
734112,Washington,NA,NA,69,11940
735663,Washington,78,18800,NA,NA
736132,Oregon,45,35400,NA,NA
736723,Oregon,NA,NA,44,50000
736835,Oregon,NA,NA,62,14000
737045,Washington,NA,NA,52,50000
737408,Oregon,77,1500,NA,NA
738391,Oregon,NA,NA,56,48000
739092,Oregon,NA,NA,34,62000
742237,Oregon,82,44700,NA,NA
744321,Oregon,57,100000,NA,NA
747217,Washington,NA,NA,45,4100
748129,Washington,43,88000,NA,NA
748377,Oregon,58,49204,NA,NA
748594,Washington,NA,NA,64,0
749394,Oregon,47,100000,NA,NA
750193,Washington,34,40800,NA,NA
750252,Oregon,NA,NA,52,66000
750648,Washington,NA,NA,53,0
750972,Washington,NA,NA,31,31000
753000,Washington,NA,NA,35,0
754582,Oregon,54,6000,NA,NA
755140,Washington,56,80000,NA,NA
755561,Oregon,73,33400,NA,NA
757738,Washington,34,44000,NA,NA
758247,Washington,NA,NA,49,18900
759796,Washington,NA,NA,44,0
761046,Washington,69,15480,NA,NA
761494,Washington,34,82000,NA,NA
763385,Oregon,39,58000,NA,NA
763422,Oregon,42,35000,NA,NA
764232,Oregon,NA,NA,58,26700
764922,Oregon,NA,NA,48,42000
765032,Oregon,40,32000,NA,NA
765730,Washington,NA,NA,42,0
766334,Washington,81,22500,NA,NA
766764,Washington,51,75700,NA,NA
767079,Washington,57,40000,49,27000
768159,Washington,39,25000,NA,NA
769706,Washington,NA,NA,76,54900
769750,Oregon,NA,NA,38,8000
769953,Washington,54,60000,NA,NA
771685,Washington,NA,NA,62,45000
771790,Washington,NA,NA,52,0
772432,Washington,NA,NA,64,36100
773674,Washington,31,48000,NA,NA
773879,Oregon,58,28000,NA,NA
774087,Washington,NA,NA,57,38200
774727,Oregon,65,40000,NA,NA
775040,Washington,65,40800,NA,NA
776964,Washington,NA,NA,47,80000
776968,Washington,27,40000,NA,NA
777136,Oregon,NA,NA,60,45720
778414,Oregon,NA,NA,41,6000
779068,Oregon,80,13000,NA,NA
781336,Washington,43,170200,NA,NA
782105,Washington,40,220000,NA,NA
782122,Oregon,72,18800,NA,NA
782914,Washington,NA,NA,66,1000
782936,Oregon,NA,NA,45,48400
783037,Washington,69,18500,NA,NA
784254,Washington,NA,NA,33,38500
784461,Washington,NA,NA,63,45001
784976,Oregon,38,173000,NA,NA
786169,Oregon,NA,NA,43,9600
786829,Washington,54,0,NA,NA
788112,Oregon,81,64000,NA,NA
788147,Washington,NA,NA,26,0
789887,Oregon,50,101200,NA,NA
790088,Washington,38,118900,NA,NA
790544,Oregon,NA,NA,39,10000
790779,Washington,NA,NA,56,72000
790899,Oregon,45,21100,NA,NA
791663,Oregon,29,22000,NA,NA
792115,Oregon,47,61020,NA,NA
792390,Oregon,NA,NA,68,9400
792510,Washington,NA,NA,61,6700
793319,Washington,78,40400,NA,NA
793442,Oregon,33,411000,NA,NA
793864,Washington,52,60000,NA,NA
793930,Washington,54,52000,NA,NA
794778,Washington,62,64000,NA,NA
794891,Washington,NA,NA,39,45000
795094,Washington,38,40000,NA,NA
795670,Oregon,62,5000,NA,NA
796225,Washington,31,76000,NA,NA
796864,Oregon,75,41400,NA,NA
797191,Oregon,NA,NA,71,5200
797409,Washington,NA,NA,30,19000
798599,Washington,NA,NA,49,75000
799377,Oregon,71,47000,NA,NA
800420,Washington,NA,NA,51,132000
800739,Washington,46,96000,NA,NA
800821,Washington,NA,NA,35,0
802980,Oregon,72,28720,NA,NA
803201,Oregon,NA,NA,55,6900
805527,Oregon,NA,NA,44,32000
805548,Washington,31,45000,NA,NA
806230,Oregon,48,60001,NA,NA
806292,Washington,57,70000,NA,NA
806364,Washington,76,30000,NA,NA
807126,Oregon,75,17630,NA,NA
807450,Washington,NA,NA,56,25200
807744,Washington,NA,NA,61,15000
808749,Washington,50,40000,NA,NA
811130,Oregon,35,40000,NA,NA
814491,Oregon,NA,NA,60,155000
815140,Washington,67,66300,NA,NA
816048,Washington,68,87000,NA,NA
816709,Oregon,NA,NA,37,42000
817287,Oregon,71,154750,NA,NA
817981,Oregon,71,15000,NA,NA
818036,Oregon,41,40000,NA,NA
818061,Oregon,66,84600,NA,NA
818395,Washington,57,51300,NA,NA
821956,Washington,78,9180,NA,NA
823560,Oregon,71,71400,NA,NA
823901,Oregon,NA,NA,56,33600
825077,Washington,NA,NA,38,0
825157,Oregon,38,80000,NA,NA
825842,Washington,77,32560,NA,NA
827396,Washington,63,50000,NA,NA
829916,Washington,61,83000,NA,NA
830628,Washington,NA,NA,39,25000
831565,Oregon,NA,NA,64,2500
831852,Oregon,58,66000,NA,NA
832015,Washington,NA,NA,67,64810
833713,Washington,64,27000,NA,NA
834224,Washington,30,80000,NA,NA
834673,Oregon,35,115000,NA,NA
835259,Oregon,NA,NA,60,36000
835778,Washington,79,90400,NA,NA
835846,Washington,46,37200,NA,NA
836505,Oregon,NA,NA,68,14780
836768,Oregon,74,30100,NA,NA
837249,Washington,52,54300,NA,NA
837277,Washington,55,60000,NA,NA
837493,Washington,NA,NA,39,42000
837704,Washington,NA,NA,57,304300
838287,Washington,66,64600,NA,NA
838403,Oregon,NA,NA,45,18000
838904,Washington,NA,NA,55,11300
839377,Washington,42,96000,NA,NA
839826,Oregon,69,67700,NA,NA
840164,Washington,NA,NA,36,64000
840528,Washington,NA,NA,40,22000
840546,Oregon,NA,NA,44,15000
840589,Washington,33,128000,NA,NA
840676,Oregon,NA,NA,70,4500
841226,Washington,69,23900,NA,NA
841956,Oregon,NA,NA,26,20000
843502,Washington,57,120100,NA,NA
844096,Oregon,NA,NA,61,28200
844161,Washington,57,98100,NA,NA
846883,Washington,NA,NA,54,191000
848861,Oregon,NA,NA,63,42900
849303,Oregon,74,97500,75,0
850498,Oregon,33,51000,NA,NA
851149,Washington,59,238200,NA,NA
852654,Oregon,49,57000,NA,NA
853117,Washington,NA,NA,40,86000
855630,Washington,80,21500,NA,NA
857389,Oregon,NA,NA,39,59000
858142,Washington,56,17700,NA,NA
858884,Washington,62,70000,NA,NA
860622,Washington,NA,NA,66,19700
860770,Washington,33,41100,NA,NA
860836,Oregon,NA,NA,54,40000
860855,Oregon,61,255000,NA,NA
861343,Washington,41,190000,NA,NA
861598,Oregon,NA,NA,49,55000
862451,Oregon,NA,NA,65,10300
862885,Washington,64,0,NA,NA
863975,Washington,32,71000,NA,NA
864140,Oregon,NA,NA,59,24000
864327,Oregon,34,49500,NA,NA
865372,Oregon,NA,NA,38,25800
866533,Washington,34,160000,NA,NA
867439,Washington,NA,NA,44,35000
868243,Oregon,NA,NA,70,84304
871626,Washington,NA,NA,74,16500
871677,Washington,NA,NA,46,18800
872874,Oregon,80,17000,NA,NA
874424,Washington,60,40000,NA,NA
874528,Washington,NA,NA,32,10000
876068,Washington,NA,NA,39,106000
876085,Washington,NA,NA,44,0
876117,Washington,69,25900,NA,NA
876867,Oregon,NA,NA,67,11800
877216,Oregon,NA,NA,44,24000
877333,Oregon,39,154000,NA,NA
877559,Oregon,46,1500,NA,NA
877650,Washington,33,51000,NA,NA
877841,Oregon,41,75000,NA,NA
878971,Washington,NA,NA,32,40000
879165,Oregon,73,30000,74,18700
880275,Oregon,NA,NA,46,15600
881557,Oregon,NA,NA,63,7200
884147,Oregon,51,100000,NA,NA
884507,Washington,36,22000,NA,NA
884847,Oregon,NA,NA,67,3600
885050,Oregon,NA,NA,58,92130
885272,Washington,33,11000,NA,NA
886211,Washington,NA,NA,70,7800
889447,Washington,NA,NA,61,25100
889876,Washington,NA,NA,56,200000
890458,Washington,67,112000,NA,NA
890577,Oregon,NA,NA,64,8100
890587,Oregon,64,18100,NA,NA
890833,Oregon,29,44100,NA,NA
891137,Washington,47,70020,NA,NA
891445,Oregon,NA,NA,59,7200
891670,Oregon,NA,NA,28,0
891749,Washington,69,53300,NA,NA
894204,Oregon,44,35000,NA,NA
894881,Washington,46,43000,NA,NA
896342,Washington,NA,NA,39,73190
897808,Oregon,62,40000,NA,NA
897951,Washington,NA,NA,53,48000
898462,Oregon,72,166100,NA,NA
900452,Oregon,56,40300,NA,NA
901165,Washington,45,65000,NA,NA
901499,Washington,66,20000,NA,NA
902215,Washington,50,90000,NA,NA
902575,Oregon,NA,NA,73,12100
903875,Washington,67,12000,NA,NA
905041,Oregon,42,105500,NA,NA
905070,Washington,NA,NA,33,7300
905445,Washington,NA,NA,49,11300
906287,Washington,NA,NA,33,35000
906520,Oregon,NA,NA,60,30000
906997,Washington,90,25100,NA,NA
907953,Washington,68,36400,NA,NA
908495,Oregon,NA,NA,35,30000
908860,Washington,NA,NA,50,10000
909877,Oregon,30,70000,NA,NA
911662,Washington,NA,NA,54,78000
912041,Washington,46,145000,NA,NA
914991,Oregon,52,85000,NA,NA
918629,Washington,60,80000,NA,NA
920448,Oregon,NA,NA,35,0
923034,Washington,NA,NA,44,0
923539,Oregon,87,15500,NA,NA
925588,Washington,NA,NA,46,21000
926795,Washington,NA,NA,56,31200
927142,Oregon,63,65000,NA,NA
928355,Washington,53,60000,NA,NA
929556,Washington,71,154730,NA,NA
930131,Washington,NA,NA,33,30000
930838,Washington,NA,NA,35,50000
932321,Washington,52,56200,NA,NA
932361,Oregon,56,52000,NA,NA
932447,Oregon,55,60000,NA,NA
933965,Washington,NA,NA,40,52050
935424,Washington,NA,NA,35,110000
935487,Washington,52,473000,NA,NA
935691,Washington,NA,NA,40,0
936052,Oregon,88,0,NA,NA
936329,Washington,61,105250,NA,NA
936683,Washington,48,184000,NA,NA
937545,Washington,71,57400,NA,NA
938615,Washington,NA,NA,65,3000
939798,Washington,NA,NA,71,19200
939901,Oregon,NA,NA,55,0
940034,Washington,60,120600,NA,NA
940060,Oregon,52,180000,35,30000
940471,Oregon,39,32200,NA,NA
940667,Oregon,65,56500,NA,NA
942416,Oregon,NA,NA,25,70000
943772,Washington,35,61400,NA,NA
944988,Washington,NA,NA,38,6000
945445,Washington,66,119500,NA,NA
945767,Oregon,NA,NA,76,11800
945851,Oregon,NA,NA,63,10000
946475,Washington,NA,NA,52,20000
948138,Washington,NA,NA,72,23300
949441,Oregon,73,39900,NA,NA
950335,Washington,NA,NA,62,135000
950384,Washington,NA,NA,54,42000
950715,Washington,43,68000,NA,NA
950729,Washington,NA,NA,62,28450
950998,Washington,NA,NA,46,92500
951123,Washington,60,34000,NA,NA
952507,Washington,NA,NA,38,0
953469,Washington,31,52000,NA,NA
953723,Oregon,NA,NA,68,26300
954378,Oregon,NA,NA,80,10400
954420,Washington,62,46000,NA,NA
955783,Oregon,NA,NA,74,12100
955957,Washington,75,50000,NA,NA
956337,Washington,89,13800,NA,NA
957405,Washington,NA,NA,68,15600
957449,Oregon,NA,NA,51,31300
958027,Oregon,84,41480,NA,NA
958407,Oregon,NA,NA,56,15000
960216,Oregon,54,220000,NA,NA
961083,Oregon,NA,NA,49,12000
961197,Oregon,79,28000,NA,NA
961489,Oregon,70,72900,NA,NA
962074,Oregon,63,39000,NA,NA
964299,Oregon,43,16800,NA,NA
965807,Washington,38,0,NA,NA
966003,Oregon,41,19000,NA,NA
966124,Washington,NA,NA,62,3200
966327,Washington,NA,NA,52,63010
966494,Oregon,NA,NA,54,15000
969344,Oregon,46,26700,NA,NA
969537,Oregon,26,6500,NA,NA
969922,Washington,40,56900,NA,NA
971141,Oregon,41,14400,NA,NA
972210,Washington,NA,NA,61,0
973215,Washington,63,75000,NA,NA
973350,Washington,86,51000,NA,NA
976516,Washington,NA,NA,26,38700
976935,Washington,NA,NA,64,55000
977026,Washington,NA,NA,33,38000
978063,Oregon,NA,NA,58,100
978355,Oregon,NA,NA,41,25200
978493,Oregon,NA,NA,34,72000
979216,Oregon,66,67160,NA,NA
979693,Oregon,40,100001,NA,NA
979949,Washington,NA,NA,41,56000
981263,Washington,47,68000,NA,NA
981809,Washington,NA,NA,74,10200
982202,Washington,NA,NA,64,36800
982391,Washington,NA,NA,61,23800
982789,Washington,48,77000,NA,NA
982843,Oregon,NA,NA,39,18000
984921,Washington,NA,NA,73,10120
986345,Oregon,62,30600,NA,NA
987180,Oregon,56,50000,NA,NA
987531,Oregon,NA,NA,26,60000
988897,Washington,NA,NA,34,24000
990810,Washington,77,34900,72,23600
993574,Oregon,39,97000,NA,NA
994457,Oregon,NA,NA,63,770
995158,Oregon,37,164000,35,4000
995459,Washington,31,58000,NA,NA
996289,Oregon,68,122000,NA,NA
996402,Oregon,NA,NA,34,12000
996541,Oregon,NA,NA,74,14400
997421,Washington,NA,NA,55,6000
998305,Oregon,NA,NA,42,25000
998412,Oregon,NA,NA,69,15100
999042,Oregon,57,31600,NA,NA
999180,Washington,73,18300,NA,NA
999679,Oregon,NA,NA,37,0
1001324,Oregon,46,60000,NA,NA
1005463,Washington,54,84000,NA,NA
1007153,Oregon,45,92000,NA,NA
1008288,Oregon,46,0,NA,NA
1008687,Washington,NA,NA,42,54000
1012592,Washington,73,95500,NA,NA
1013267,Oregon,71,42000,NA,NA
1014339,Oregon,67,48200,NA,NA
1014558,Washington,53,467000,NA,NA
1015395,Washington,36,44000,NA,NA
1016029,Washington,37,100000,NA,NA
1016353,Oregon,NA,NA,64,42100
1016479,Oregon,24,43000,NA,NA
1016497,Oregon,34,500,NA,NA
1016548,Washington,NA,NA,47,0
1016624,Oregon,NA,NA,75,7400
1019811,Washington,NA,NA,78,11800
1022923,Washington,NA,NA,39,0
1024168,Washington,NA,NA,71,15600
1025132,Oregon,NA,NA,28,29000
1025751,Washington,85,72600,NA,NA
1025867,Oregon,34,24000,35,12000
1027634,Washington,80,11600,NA,NA
1029039,Oregon,49,23900,NA,NA
1029887,Oregon,55,40000,NA,NA
1030362,Oregon,63,21200,NA,NA
1030498,Washington,32,70000,NA,NA
1030583,Oregon,NA,NA,77,10500
1030739,Washington,NA,NA,52,105000
1030901,Oregon,63,32000,NA,NA
1032719,Oregon,NA,NA,49,3150
1033155,Washington,NA,NA,47,0
1033475,Oregon,73,65000,NA,NA
1033664,Oregon,62,37400,NA,NA
1033713,Washington,44,32000,NA,NA
1033761,Oregon,61,12000,NA,NA
1033830,Oregon,68,71000,NA,NA
1034066,Oregon,NA,NA,69,6200
1034324,Oregon,36,41300,NA,NA
1035344,Washington,NA,NA,49,40000
1035563,Washington,NA,NA,35,65000
1035840,Washington,NA,NA,34,50000
1038801,Washington,63,101150,NA,NA
1039170,Oregon,65,78100,NA,NA
1039353,Washington,NA,NA,55,0
1040193,Oregon,49,255000,NA,NA
1040314,Washington,57,55000,NA,NA
1040362,Oregon,NA,NA,66,15600
1041553,Washington,42,141000,NA,NA
1041950,Oregon,NA,NA,64,91100
1042124,Oregon,NA,NA,57,66000
1042273,Washington,NA,NA,31,15600
1042369,Washington,NA,NA,39,14100
1043357,Washington,76,22400,NA,NA
1045903,Washington,67,44000,NA,NA
1046543,Oregon,49,38000,NA,NA
1047259,Washington,NA,NA,64,32000
1047281,Washington,69,72630,NA,NA
1049609,Washington,27,24000,25,7000
1049819,Washington,74,60200,NA,NA
1050770,Washington,56,68004,NA,NA
1050799,Oregon,73,70200,NA,NA
1052542,Washington,70,469500,NA,NA
1053459,Oregon,74,21800,NA,NA
1053914,Oregon,67,10000,NA,NA
1054017,Oregon,NA,NA,70,6000
1055450,Oregon,NA,NA,58,35000
1056412,Washington,77,48200,78,9200
1057102,Oregon,42,62000,NA,NA
1057406,Washington,36,56000,NA,NA
1059722,Oregon,41,50000,NA,NA
1060378,Washington,NA,NA,29,44000
1060945,Washington,NA,NA,68,10000
1060979,Oregon,38,21000,NA,NA
1062450,Oregon,NA,NA,57,19200
1062789,Oregon,NA,NA,50,9700
1062979,Oregon,NA,NA,73,18200
1063003,Washington,73,41900,NA,NA
1063787,Washington,NA,NA,55,22600
1063964,Oregon,31,65000,30,34100
1064697,Oregon,36,26400,NA,NA
1066967,Oregon,NA,NA,51,62000
1068421,Oregon,NA,NA,60,83000
1070563,Washington,32,140000,NA,NA
1070565,Washington,NA,NA,62,10300
1070882,Washington,NA,NA,66,20800
1073002,Washington,NA,NA,47,15000
1073146,Oregon,41,5000,NA,NA
1076787,Oregon,NA,NA,39,16000
1076904,Oregon,64,79000,NA,NA
1078185,Oregon,50,61000,NA,NA
1078392,Washington,64,70000,NA,NA
1080213,Oregon,NA,NA,70,13580
1080924,Oregon,NA,NA,72,13100
1082356,Washington,NA,NA,69,36400
1082409,Washington,NA,NA,34,1900
1083416,Oregon,81,22400,NA,NA
1084659,Oregon,84,68300,NA,NA
1084774,Oregon,NA,NA,46,22000
1086387,Washington,NA,NA,66,11700
1087064,Washington,70,32500,NA,NA
1087075,Oregon,NA,NA,76,21550
1087798,Washington,43,28100,NA,NA
1088032,Oregon,52,27000,NA,NA
1088049,Oregon,58,6500,NA,NA
1088760,Washington,52,25000,57,10000
1088938,Washington,64,-5100,NA,NA
1090202,Washington,52,130100,NA,NA
1091664,Oregon,66,1500,NA,NA
1092015,Washington,NA,NA,25,34000
1092176,Washington,57,22000,NA,NA
1092859,Oregon,41,406000,NA,NA
1093216,Oregon,61,80000,NA,NA
1093813,Washington,NA,NA,71,19000
1093948,Washington,40,111000,NA,NA
1094281,Oregon,NA,NA,39,40000
1094748,Oregon,71,45110,NA,NA
1094791,Washington,43,80000,NA,NA
1095743,Washington,35,170000,NA,NA
1096216,Oregon,NA,NA,32,76000
1096316,Oregon,69,19300,NA,NA
1096704,Oregon,NA,NA,66,9600
1097805,Washington,NA,NA,68,13000
1098415,Oregon,NA,NA,42,0
1099617,Oregon,NA,NA,61,18800
1100159,Oregon,72,18600,NA,NA
1102673,Washington,38,467000,NA,NA
1103596,Oregon,50,27500,50,35000
1104195,Oregon,47,82600,42,92000
1106315,Oregon,63,8800,NA,NA
1106421,Oregon,71,170,NA,NA
1106820,Oregon,NA,NA,38,40000
1107638,Washington,NA,NA,65,69000
1107902,Washington,54,201000,NA,NA
1109050,Washington,43,80000,NA,NA
1109174,Washington,67,35800,NA,NA
1110392,Washington,NA,NA,38,12000
1111229,Washington,NA,NA,72,32240
1111663,Oregon,NA,NA,49,57000
1113112,Oregon,NA,NA,56,22000
1114576,Oregon,52,26000,NA,NA
1114713,Washington,63,141200,NA,NA
1115376,Oregon,28,80000,NA,NA
1115926,Oregon,42,1600,38,55200
1116688,Oregon,46,65000,NA,NA
1117957,Washington,NA,NA,66,16420
1118363,Oregon,66,28600,NA,NA
1118495,Oregon,NA,NA,71,10300
1119532,Oregon,NA,NA,58,0
1120116,Oregon,NA,NA,70,54900
1120408,Oregon,46,184000,46,102000
1120967,Oregon,78,28800,NA,NA
1121527,Washington,66,67150,NA,NA
1121654,Oregon,62,7400,61,29400
1121853,Washington,32,41000,NA,NA
1121877,Oregon,NA,NA,61,26000
1121987,Washington,64,39800,NA,NA
1122738,Washington,32,200000,NA,NA
1123400,Oregon,NA,NA,43,60000
1123756,Washington,NA,NA,66,32800
1125509,Oregon,77,22000,NA,NA
1126292,Washington,NA,NA,35,35000
1126652,Washington,58,61000,NA,NA
1126693,Washington,NA,NA,77,9000
1126914,Oregon,NA,NA,75,5100
1126921,Oregon,NA,NA,65,45000
1127384,Oregon,49,62070,NA,NA
1128087,Oregon,58,84000,NA,NA
1128391,Washington,72,0,NA,NA
1128407,Oregon,52,50000,NA,NA
1128702,Oregon,NA,NA,53,0
1129053,Washington,55,5000,NA,NA
1129599,Washington,65,25300,NA,NA
1130333,Oregon,NA,NA,40,55000
1130397,Oregon,38,150000,NA,NA
1132045,Washington,36,59000,NA,NA
1132097,Oregon,50,54000,NA,NA
1132394,Washington,42,100000,NA,NA
1132565,Oregon,50,100,NA,NA
1132569,Oregon,60,10000,NA,NA
1132761,Oregon,NA,NA,49,31300
1133054,Oregon,NA,NA,50,0
1134200,Washington,52,74000,NA,NA
1134380,Oregon,NA,NA,46,15000
1134435,Oregon,57,105000,56,130000
1135255,Washington,33,40000,NA,NA
1137057,Washington,45,160000,NA,NA
1138059,Washington,NA,NA,53,39600
1141543,Oregon,NA,NA,55,15200
1141778,Oregon,NA,NA,28,27600
1142081,Oregon,72,9000,NA,NA
1142632,Oregon,60,127000,NA,NA
1142835,Oregon,46,80600,NA,NA
1143131,Oregon,49,30000,NA,NA
1144196,Oregon,61,160000,NA,NA
1144902,Oregon,33,39000,40,42000
1145585,Oregon,NA,NA,53,34000
1146166,Washington,NA,NA,68,9600
1146806,Oregon,NA,NA,45,10000
1148125,Oregon,52,70000,NA,NA
1148695,Oregon,74,28140,NA,NA
1150150,Oregon,45,20000,NA,NA
1152616,Oregon,NA,NA,33,40000
1153284,Oregon,65,12200,NA,NA
1153516,Washington,35,46000,NA,NA
1154513,Washington,NA,NA,68,9000
1154841,Washington,NA,NA,72,37800
1155426,Washington,53,71000,NA,NA
1156616,Oregon,72,35000,NA,NA
1156817,Oregon,75,37200,NA,NA
1157057,Washington,NA,NA,52,14500
1159344,Oregon,51,12000,NA,NA
1159398,Oregon,NA,NA,50,0
1159467,Washington,NA,NA,56,49000
1160645,Washington,65,45000,NA,NA
1160753,Washington,NA,NA,74,15300
1161113,Washington,78,69600,NA,NA
1162259,Washington,59,76000,NA,NA
1162651,Oregon,68,19990,NA,NA
1162921,Washington,50,12020,NA,NA
1163039,Washington,79,22000,NA,NA
1163193,Washington,NA,NA,66,34800
1163285,Oregon,76,2800,NA,NA
1164237,Oregon,45,109000,NA,NA
1164441,Washington,NA,NA,58,38900
1164520,Washington,NA,NA,58,78000
1164669,Washington,NA,NA,31,45000
1166104,Oregon,35,406000,NA,NA
1166683,Oregon,NA,NA,43,43000
1166747,Washington,43,45000,NA,NA
1167740,Washington,NA,NA,55,18000
1167971,Oregon,NA,NA,63,72000
1168185,Oregon,52,65000,NA,NA
1168256,Oregon,NA,NA,65,71900
1168294,Oregon,NA,NA,62,6000
1168627,Washington,28,72000,NA,NA
1170799,Oregon,NA,NA,58,12000
1172325,Washington,NA,NA,30,0
1173872,Washington,NA,NA,26,3200
1175108,Washington,65,55100,NA,NA
1176270,Washington,78,20900,NA,NA
1177444,Washington,25,14000,NA,NA
1178897,Oregon,NA,NA,44,58600
1179516,Oregon,NA,NA,46,11730
1180254,Washington,NA,NA,74,24500
1180373,Oregon,NA,NA,51,34000
1181201,Oregon,NA,NA,73,19700
1182419,Oregon,NA,NA,63,0
1182567,Washington,NA,NA,51,163000
1182666,Washington,50,75000,NA,NA
1183166,Washington,NA,NA,54,45000
1183815,Oregon,NA,NA,83,9400
1184357,Washington,54,60000,NA,NA
1185291,Washington,NA,NA,83,7000
1185549,Washington,52,128400,NA,NA
1188418,Washington,NA,NA,25,0
1189322,Oregon,66,4200,NA,NA
1189861,Washington,NA,NA,62,33000
1191273,Washington,73,23600,NA,NA
1192137,Washington,66,46200,NA,NA
1194290,Washington,NA,NA,27,27700
1194693,Washington,NA,NA,58,38000
1196018,Oregon,37,83000,NA,NA
1196293,Oregon,NA,NA,52,0
1196544,Washington,31,85000,NA,NA
1196612,Washington,NA,NA,39,53000
1196943,Oregon,49,70000,NA,NA
1197184,Oregon,NA,NA,40,0
1197303,Washington,NA,NA,63,0
1197492,Oregon,57,72000,NA,NA
1198578,Washington,58,110000,NA,NA
1199049,Washington,40,44700,NA,NA
1201321,Washington,53,50000,NA,NA
1201562,Oregon,NA,NA,54,70000
1201746,Washington,42,82000,NA,NA
1202836,Oregon,32,112000,NA,NA
1203394,Washington,NA,NA,62,50000
1205141,Washington,NA,NA,25,17000
1206587,Oregon,NA,NA,57,26000
1206682,Oregon,59,69000,NA,NA
1207257,Washington,72,81100,NA,NA
1207784,Oregon,NA,NA,35,38020
1207909,Oregon,NA,NA,62,110000
1208072,Oregon,41,52000,NA,NA
1208244,Oregon,40,113500,NA,NA
1208338,Oregon,NA,NA,84,4800
1208549,Washington,NA,NA,71,9000
1209093,Oregon,NA,NA,68,23400
1209761,Oregon,NA,NA,37,0
1210481,Washington,52,35000,NA,NA
1210538,Washington,32,40000,NA,NA
1210891,Washington,NA,NA,67,9900
1214033,Washington,71,113000,NA,NA
1215292,Washington,NA,NA,65,8400
1215913,Washington,NA,NA,34,0
1216137,Oregon,NA,NA,62,70000
1216374,Oregon,NA,NA,30,0
1216504,Oregon,NA,NA,46,0
1217308,Oregon,NA,NA,37,52000
1218462,Oregon,55,54000,NA,NA
1220046,Washington,NA,NA,59,64050
1220065,Washington,70,9600,NA,NA
1220213,Oregon,NA,NA,56,36100
1221216,Washington,70,72300,NA,NA
1221403,Oregon,NA,NA,52,83000
1222156,Washington,NA,NA,60,21600
1222552,Washington,NA,NA,49,36000
1223216,Washington,58,105000,NA,NA
1223473,Washington,NA,NA,48,28000
1224159,Washington,30,60000,NA,NA
1225210,Oregon,46,40000,NA,NA
1226255,Oregon,56,34200,NA,NA
1227004,Oregon,72,60200,NA,NA
1228852,Oregon,69,69000,NA,NA
1229527,Oregon,NA,NA,54,8700
1230035,Washington,NA,NA,34,43000
1231015,Oregon,74,14400,73,14200
1231066,Oregon,NA,NA,68,99000
1231280,Oregon,NA,NA,40,3200
1233315,Oregon,68,63000,NA,NA
1236480,Washington,26,38000,NA,NA
1236799,Oregon,79,23200,NA,NA
1237923,Oregon,NA,NA,65,0
1238183,Washington,88,7000,79,7100
1238587,Washington,NA,NA,56,25000
1238736,Oregon,38,40000,NA,NA
1242917,Washington,43,75000,NA,NA
1243740,Washington,66,38200,NA,NA
1244028,Washington,NA,NA,59,0
1244048,Oregon,66,104000,NA,NA
1244127,Washington,66,29420,NA,NA
1245067,Oregon,62,49300,NA,NA
1245932,Washington,76,19900,NA,NA
1246353,Washington,NA,NA,42,0
1247458,Washington,32,57000,NA,NA
1247711,Oregon,NA,NA,45,48000
1248805,Oregon,66,94400,NA,NA
1248848,Oregon,60,55000,NA,NA
1249625,Washington,NA,NA,38,35000
1250299,Oregon,NA,NA,33,38000
1250388,Oregon,NA,NA,79,8400
1250440,Oregon,NA,NA,56,150000
1250833,Oregon,NA,NA,41,8000
1253108,Oregon,NA,NA,47,7500
1253318,Oregon,NA,NA,42,50000
1253323,Oregon,60,89000,NA,NA
1253683,Oregon,NA,NA,73,30400
1255728,Washington,35,12000,NA,NA
1255825,Oregon,38,65000,NA,NA
1256434,Washington,25,20000,NA,NA
1257900,Washington,68,7020,NA,NA
1258330,Oregon,51,52000,NA,NA
1258612,Oregon,NA,NA,69,87100
1259304,Washington,NA,NA,61,20000
1261256,Oregon,NA,NA,59,0
1262309,Oregon,90,52200,82,9500
1262971,Washington,NA,NA,46,200
1263063,Washington,45,0,NA,NA
1263286,Washington,NA,NA,68,61700
1263929,Oregon,62,60000,NA,NA
1265064,Washington,NA,NA,31,59000
1265543,Washington,66,467000,NA,NA
1267532,Washington,41,106000,NA,NA
1269323,Oregon,76,18500,NA,NA
1270240,Washington,38,25000,NA,NA
1270714,Washington,56,92000,NA,NA
1271015,Washington,42,148700,NA,NA
1271113,Washington,84,65000,NA,NA
1272054,Washington,NA,NA,52,70000
1272310,Washington,NA,NA,45,7500
1274030,Washington,64,80000,NA,NA
1274332,Oregon,NA,NA,80,36300
1274978,Oregon,NA,NA,77,7700
1275380,Washington,46,26800,NA,NA
1275629,Washington,NA,NA,44,75000
1276518,Oregon,40,42000,NA,NA
1276996,Washington,37,105000,NA,NA
1278921,Washington,63,38500,NA,NA
1279233,Oregon,NA,NA,36,20000
1279664,Washington,65,378000,NA,NA
1280157,Washington,65,50000,NA,NA
1280928,Oregon,NA,NA,72,8500
1282014,Oregon,64,22500,NA,NA
1285246,Washington,50,67000,NA,NA
1285259,Oregon,NA,NA,53,73000
1285553,Oregon,83,20920,NA,NA
1287768,Washington,NA,NA,49,3000
1287901,Washington,NA,NA,46,25000
1288379,Washington,NA,NA,38,30000
1288921,Oregon,70,8700,NA,NA
1289117,Oregon,81,26000,NA,NA
1292311,Oregon,81,38400,68,291600
1293111,Washington,72,0,NA,NA
1294627,Washington,NA,NA,59,0
1294719,Washington,32,9900,NA,NA
1295923,Washington,42,180000,NA,NA
1301074,Washington,NA,NA,49,0
1301409,Oregon,91,11000,NA,NA
1302765,Washington,NA,NA,51,48700
1302819,Oregon,NA,NA,63,38000
1302847,Oregon,NA,NA,18,6000
1303726,Oregon,68,65800,63,51000
1305278,Washington,73,79990,NA,NA
1306176,Oregon,73,9800,NA,NA
1307931,Oregon,52,40000,NA,NA
1308760,Oregon,NA,NA,43,50000
1309113,Oregon,NA,NA,71,14000
1309542,Oregon,65,43600,NA,NA
1309711,Washington,63,183300,NA,NA
1309837,Oregon,45,108000,NA,NA
1310331,Oregon,56,130000,NA,NA
1310342,Washington,42,100000,NA,NA
1312505,Washington,76,42840,NA,NA
1312925,Oregon,70,19510,NA,NA
1313018,Washington,NA,NA,40,3000
1314689,Oregon,NA,NA,45,36000
1316692,Oregon,47,50000,NA,NA
1318775,Washington,66,4300,NA,NA
1320066,Washington,NA,NA,63,9800
1320151,Oregon,78,14100,NA,NA
1320279,Washington,51,20070,NA,NA
1321495,Oregon,NA,NA,70,87500
1322753,Washington,57,3200,57,28804
1323328,Washington,NA,NA,45,102200
1324674,Washington,NA,NA,43,10000
1326424,Washington,67,61000,NA,NA
1326621,Washington,NA,NA,31,0
1327237,Oregon,40,37300,NA,NA
1328171,Washington,67,106601,NA,NA
1328361,Oregon,52,47500,NA,NA
1329396,Washington,NA,NA,33,64000
1330226,Washington,24,21900,NA,NA
1330944,Oregon,65,58000,NA,NA
1331158,Oregon,NA,NA,67,0
1331690,Washington,NA,NA,27,800
1331922,Washington,79,18620,NA,NA
1332101,Washington,33,105000,NA,NA
1333975,Washington,NA,NA,70,24000
1334248,Washington,NA,NA,36,36000
1336312,Washington,63,25100,NA,NA
1336821,Oregon,42,96800,NA,NA
1337921,Oregon,53,110000,NA,NA
1339433,Washington,50,157000,NA,NA
1340170,Washington,55,56000,NA,NA
1340609,Oregon,71,88000,NA,NA
1340806,Oregon,36,136000,NA,NA
1342054,Oregon,NA,NA,72,52600
1342536,Oregon,NA,NA,50,40000
1343938,Oregon,NA,NA,34,45000
1345168,Washington,62,81500,NA,NA
1345173,Washington,NA,NA,38,27000
1347216,Washington,43,250000,NA,NA
1347489,Washington,66,160000,NA,NA
1348178,Washington,NA,NA,27,42000
1348705,Washington,71,11000,NA,NA
1350400,Oregon,NA,NA,31,62000
1353106,Oregon,38,21000,NA,NA
1356035,Oregon,69,67000,NA,NA
1357545,Oregon,70,17700,NA,NA
1357707,Oregon,NA,NA,71,10000
1358026,Oregon,76,34900,NA,NA
1358418,Washington,67,14400,NA,NA
1358926,Washington,51,52000,NA,NA
1360192,Washington,59,132500,NA,NA
1361775,Oregon,NA,NA,75,15500
1361792,Oregon,NA,NA,80,65600
1361805,Washington,NA,NA,72,12500
1364824,Oregon,69,39100,NA,NA
1365254,Oregon,NA,NA,55,42000
1366100,Oregon,75,23900,NA,NA
1367015,Oregon,NA,NA,39,57000
1367037,Oregon,NA,NA,57,79500
1368909,Washington,NA,NA,50,0
1370541,Washington,NA,NA,66,44000
1371434,Washington,54,19900,NA,NA
1371526,Oregon,35,50000,NA,NA
1372073,Washington,41,150000,NA,NA
1376245,Oregon,58,118000,NA,NA
1376552,Oregon,56,68000,NA,NA
1377137,Oregon,NA,NA,52,9500
1377266,Washington,53,72000,NA,NA
1377728,Washington,NA,NA,39,0
1378297,Washington,NA,NA,41,360
1381930,Washington,50,68000,NA,NA
1383537,Oregon,72,18000,NA,NA
1383720,Washington,58,150000,NA,NA
1383805,Washington,NA,NA,59,0
1384727,Washington,NA,NA,46,98100
1386864,Oregon,60,75000,NA,NA
1392148,Washington,62,13000,NA,NA
1392723,Washington,77,40560,NA,NA
1395289,Washington,59,163750,NA,NA
1395854,Washington,37,212000,NA,NA
1396498,Oregon,NA,NA,53,50000
1396759,Washington,73,23500,NA,NA
1398427,Washington,53,0,NA,NA
1400365,Oregon,64,90000,NA,NA
1401817,Oregon,60,36900,NA,NA
1401997,Oregon,26,30600,29,45000
1402025,Oregon,30,38600,NA,NA
1402876,Oregon,66,141000,NA,NA
1403748,Oregon,NA,NA,44,3600
1403757,Oregon,NA,NA,40,45700
1403945,Oregon,55,39000,NA,NA
1404181,Oregon,NA,NA,44,75000
1404851,Oregon,85,29690,NA,NA
1405738,Washington,NA,NA,65,2430
1405783,Oregon,NA,NA,66,39700
1406187,Oregon,47,35000,NA,NA
1408969,Washington,68,60000,NA,NA
1409235,Oregon,62,23200,NA,NA
1409398,Oregon,NA,NA,45,78010
1410145,Oregon,NA,NA,57,30000
1412467,Oregon,23,6000,25,7000
1413099,Washington,33,42000,NA,NA
1413832,Washington,NA,NA,28,14400
1414642,Washington,NA,NA,46,100000
1417315,Oregon,53,200000,NA,NA
1418967,Washington,NA,NA,30,11000
1419299,Washington,NA,NA,29,45000
1420188,Oregon,31,16300,NA,NA
1421291,Washington,NA,NA,54,61160
1422136,Oregon,NA,NA,31,20000
1422312,Oregon,NA,NA,60,0
1424594,Washington,36,32900,NA,NA
1424787,Oregon,NA,NA,30,50000
1425580,Oregon,NA,NA,45,62000
1425679,Oregon,NA,NA,35,12000
1426063,Oregon,68,39500,NA,NA
1426106,Washington,30,60000,NA,NA
1426857,Oregon,26,117000,NA,NA
1427151,Oregon,NA,NA,32,2004
1428106,Oregon,NA,NA,54,28700
1428118,Oregon,56,84300,NA,NA
1430172,Oregon,NA,NA,25,10000
1430889,Oregon,40,171000,NA,NA
1431266,Washington,57,90000,NA,NA
1431469,Washington,94,63000,NA,NA
1432000,Oregon,NA,NA,36,0
1433422,Washington,NA,NA,30,53000
1433461,Washington,NA,NA,45,15000
1434032,Oregon,62,44100,NA,NA
1435250,Oregon,40,50000,NA,NA
1436742,Washington,NA,NA,53,10000
1437644,Washington,NA,NA,34,55000
1439634,Washington,NA,NA,78,8000
1439993,Washington,NA,NA,84,23500
1440240,Washington,NA,NA,58,45000
1440443,Oregon,NA,NA,66,35600
1441731,Washington,38,45000,NA,NA
1441978,Oregon,NA,NA,60,0
1442567,Washington,NA,NA,73,6000
1443268,Washington,NA,NA,56,35000
1443592,Oregon,NA,NA,65,35100
1443683,Oregon,76,11600,NA,NA
1444428,Washington,77,47500,NA,NA
1444837,Washington,NA,NA,28,50000
1445704,Washington,NA,NA,72,14100
1445823,Oregon,59,65000,NA,NA
1447692,Washington,NA,NA,27,60000
1448093,Oregon,28,27300,28,29200
1448961,Washington,36,183300,NA,NA
1449579,Washington,60,93300,NA,NA
1449854,Oregon,77,71800,NA,NA
1449865,Oregon,50,185300,49,300
1450171,Oregon,94,42500,NA,NA
1450447,Washington,NA,NA,69,37000
1450510,Washington,NA,NA,43,17300
1451272,Washington,NA,NA,40,40000
1451600,Washington,68,28000,NA,NA
1451626,Washington,53,65000,NA,NA
1452136,Oregon,NA,NA,52,7000
1452469,Washington,45,120000,NA,NA
1452534,Oregon,NA,NA,36,12500
1454564,Oregon,28,48000,NA,NA
1454986,Oregon,54,100000,NA,NA
1455187,Washington,NA,NA,74,23550
1459242,Oregon,NA,NA,60,60000
1459245,Washington,66,23500,NA,NA
1459469,Oregon,NA,NA,50,48000
1459808,Washington,46,170000,NA,NA
1459849,Washington,NA,NA,68,63200
1460477,Washington,41,130000,NA,NA
1461035,Oregon,NA,NA,59,44000
1461065,Oregon,NA,NA,36,32400
1461894,Washington,62,59000,57,85000
1463902,Oregon,NA,NA,67,31200
1464642,Oregon,58,40000,NA,NA
1464984,Oregon,NA,NA,32,0
1465541,Washington,NA,NA,72,9600
1466774,Oregon,NA,NA,63,23820
1467585,Oregon,29,84000,NA,NA
1468888,Washington,64,97000,NA,NA
1469242,Washington,79,31400,NA,NA
1469491,Oregon,75,40700,NA,NA
1469714,Washington,NA,NA,39,102000
1470867,Oregon,NA,NA,67,18730
1471755,Oregon,NA,NA,73,31100
1471759,Oregon,NA,NA,76,30000
1472159,Oregon,85,8370,NA,NA
1472170,Washington,56,52000,NA,NA
1474660,Oregon,41,43300,35,42000
1474700,Washington,36,150000,NA,NA
1475039,Washington,53,0,NA,NA
1475334,Oregon,NA,NA,56,80500
1475404,Oregon,NA,NA,48,20000
1475921,Washington,NA,NA,46,0
1477017,Oregon,NA,NA,69,33000
1478494,Oregon,34,30000,NA,NA
1478706,Oregon,31,40000,NA,NA
1480305,Washington,NA,NA,31,25800
1480390,Washington,NA,NA,29,43000
1480905,Oregon,NA,NA,47,24000
1482554,Oregon,58,21300,NA,NA
1483042,Oregon,NA,NA,35,25000
1485071,Oregon,NA,NA,55,0
1485187,Oregon,46,60000,53,30500
1485968,Oregon,39,50000,NA,NA
1486714,Oregon,74,32800,NA,NA
1487075,Washington,71,82400,NA,NA
1487184,Oregon,NA,NA,43,10000
1488648,Oregon,NA,NA,52,1200
1488665,Washington,NA,NA,63,60000
1488873,Washington,56,29000,NA,NA
1490294,Washington,NA,NA,31,55000
1491551,Washington,60,12900,NA,NA
1491944,Washington,NA,NA,67,0
1493741,Oregon,50,69000,54,27700
1494020,Washington,NA,NA,52,83100
1494555,Washington,62,5400,NA,NA
1494896,Washington,NA,NA,52,16000
1496220,Oregon,34,57000,NA,NA
1496385,Oregon,57,62000,NA,NA
1496700,Washington,NA,NA,74,17500
1499045,Washington,63,90000,NA,NA
1500606,Washington,58,1000,NA,NA
1500619,Oregon,NA,NA,29,0
1500761,Washington,42,75000,NA,NA
1503236,Oregon,NA,NA,40,0
1503243,Oregon,NA,NA,55,0
1504044,Oregon,77,236700,NA,NA
1504280,Washington,NA,NA,36,0
1504913,Oregon,NA,NA,39,750
1504957,Oregon,67,9600,NA,NA
1507596,Oregon,NA,NA,79,49800
1507973,Washington,NA,NA,70,21600
1508434,Washington,NA,NA,58,52360
1509079,Washington,NA,NA,41,47200
1509458,Oregon,66,28700,NA,NA
1509965,Oregon,NA,NA,53,17000
1510353,Washington,NA,NA,73,0
1510383,Oregon,NA,NA,61,-200
1510627,Washington,NA,NA,31,36200
1511005,Washington,NA,NA,70,6800
1511827,Washington,58,88000,NA,NA
1512013,Oregon,NA,NA,65,8600
1512569,Washington,NA,NA,58,70000
1513118,Oregon,NA,NA,48,10000
1513434,Washington,NA,NA,27,6000
1514816,Washington,69,0,NA,NA
1516057,Washington,NA,NA,58,57000
1516158,Washington,30,49000,NA,NA
1518680,Washington,39,150000,NA,NA
1518830,Oregon,61,6650,NA,NA
1520620,Oregon,37,30000,NA,NA
